{"stats":{"minecraft:used":{"minecraft:cooked_mutton":4,"minecraft:rose_bush":2,"minecraft:stone_pickaxe":8,"minecraft:wooden_pickaxe":18,"minecraft:rotten_flesh":17,"minecraft:mutton":4,"minecraft:crafting_table":2,"alexsmobs:cooked_kangaroo_meat":3,"minecraft:white_bed":3,"projectvibrantjourneys:bones":1,"minecraft:spruce_log":6,"alexsmobs:flying_fish":1,"minecraft:bread":9,"marbledsarsenal:police_baton":113,"minecraft:stone_axe":1,"minecraft:beef":3,"minecraft:cooked_porkchop":1,"minecraft:furnace":2,"minecraft:cooked_beef":5},"minecraft:killed":{"minecraft:pig":1,"alexsmobs:emu":1,"minecraft:sheep":4,"minecraft:zombie":18,"alexsmobs:elephant":1,"alexsmobs:gazelle":1,"alexsmobs:flying_fish":1,"minecraft:cow":5},"minecraft:custom":{"minecraft:interact_with_furnace":35,"minecraft:mob_kills":33,"minecraft:interact_with_crafting_table":7,"minecraft:leave_game":1,"minecraft:time_since_death":1246,"minecraft:sleep_in_bed":1,"minecraft:climb_one_cm":3528,"minecraft:time_since_rest":374,"minecraft:sprint_one_cm":57941,"minecraft:damage_taken":1632,"minecraft:walk_one_cm":94540,"minecraft:drop":8,"minecraft:damage_dealt":4087,"minecraft:swim_one_cm":6584,"minecraft:fly_one_cm":84832,"minecraft:crouch_one_cm":2164,"minecraft:play_time":43022,"minecraft:deaths":4,"minecraft:sneak_time":770,"minecraft:walk_under_water_one_cm":13588,"minecraft:jump":608,"minecraft:walk_on_water_one_cm":18044,"minecraft:total_world_time":43022,"minecraft:fall_one_cm":12188},"minecraft:dropped":{"minecraft:cooked_beef":1,"minecraft:rotten_flesh":18,"pointblank:gunmetal_nugget":1,"minecraft:stone_pickaxe":1,"minecraft:wooden_pickaxe":1,"pointblank:m1911a1":1,"minecraft:spruce_sapling":12},"minecraft:mined":{"projectvibrantjourneys:cattail":2,"minecraft:white_bed":2,"minecraft:crafting_table":1,"projectvibrantjourneys:twigs":3,"minecraft:rose_bush":2,"projectvibrantjourneys:natural_cobweb":2,"minecraft:spruce_leaves":3,"minecraft:large_fern":5,"minecraft:furnace":1,"minecraft:spruce_log":19,"k_turrets:titanium_ore":3,"projectvibrantjourneys:short_grass":6,"minecraft:stone":21,"minecraft:fern":2},"minecraft:picked_up":{"minecraft:crafting_table":1,"minecraft:leather":1,"minecraft:gunpowder":5,"minecraft:string":1,"minecraft:dirt":1,"minecraft:beef":12,"minecraft:rose_bush":2,"minecraft:furnace":1,"minecraft:stick":14,"projectvibrantjourneys:bones":1,"minecraft:porkchop":1,"pointblank:gunmetal_nugget":22,"minecraft:spruce_sapling":12,"minecraft:white_bed":2,"minecraft:spruce_log":26,"minecraft:spider_eye":1,"pointblank:m1911a1":1,"minecraft:rotten_flesh":36,"k_turrets:raw_titanium":3,"projectvibrantjourneys:twigs":1,"alexsmobs:kangaroo_meat":1,"minecraft:mutton":8,"minecraft:white_wool":4,"alexsmobs:flying_fish":1,"minecraft:cobblestone":21},"minecraft:killed_by":{"minecraft:zombie":1,"hordes:husk_player":1},"minecraft:crafted":{"minecraft:cooked_beef":5,"minecraft:cooked_porkchop":1,"minecraft:crafting_table":1,"minecraft:spruce_planks":44,"minecraft:wooden_pickaxe":1,"alexsmobs:cooked_kangaroo_meat":2,"minecraft:furnace":1,"minecraft:stone_axe":1,"minecraft:cooked_mutton":1,"minecraft:air":0,"minecraft:charcoal":8,"minecraft:stick":1,"minecraft:stone_pickaxe":2,"minecraft:white_bed":1}},"DataVersion":3465}