{"stats":{"minecraft:used":{"minecraft:stone_pickaxe":14,"minecraft:bread":9,"marbledsarsenal:police_baton":57,"minecraft:rotten_flesh":11,"minecraft:dirt":1,"alexsmobs:cooked_kangaroo_meat":1,"minecraft:cooked_beef":4},"minecraft:killed":{"minecraft:zombie":10,"minecraft:pig":1,"alexsmobs:kangaroo":3},"minecraft:custom":{"minecraft:time_since_rest":31121,"minecraft:sprint_one_cm":28105,"minecraft:interact_with_furnace":6,"minecraft:damage_taken":485,"minecraft:walk_one_cm":170853,"minecraft:mob_kills":14,"minecraft:drop":7,"minecraft:damage_dealt":1728,"minecraft:swim_one_cm":2763,"minecraft:interact_with_crafting_table":1,"minecraft:fly_one_cm":7845,"minecraft:crouch_one_cm":76,"minecraft:play_time":31121,"minecraft:sneak_time":78,"minecraft:walk_under_water_one_cm":8864,"minecraft:jump":253,"minecraft:leave_game":1,"minecraft:walk_on_water_one_cm":15677,"minecraft:time_since_death":31121,"minecraft:total_world_time":31121,"minecraft:fall_one_cm":2556},"minecraft:mined":{"minecraft:spruce_log":7,"minecraft:grass_block":2,"projectvibrantjourneys:short_grass":1,"minecraft:rose_bush":1,"minecraft:gravel":2,"minecraft:dirt":2,"minecraft:stone":9},"minecraft:dropped":{"minecraft:dirt":1,"projectvibrantjourneys:twigs":1,"alexsmobs:kangaroo_meat":1,"minecraft:rose_bush":1,"minecraft:spruce_log":7,"minecraft:spruce_sapling":2,"minecraft:stick":1},"minecraft:picked_up":{"minecraft:stick":1,"minecraft:cooked_beef":1,"minecraft:wooden_pickaxe":1,"minecraft:gravel":2,"pointblank:gunmetal_nugget":7,"minecraft:spruce_sapling":2,"minecraft:spruce_log":7,"minecraft:gunpowder":2,"minecraft:string":1,"minecraft:dirt":4,"alexsmobs:kangaroo_hide":2,"minecraft:rotten_flesh":11,"minecraft:slime_ball":1,"minecraft:wheat_seeds":2,"minecraft:stone_pickaxe":1,"minecraft:rose_bush":1,"projectvibrantjourneys:twigs":1,"alexsmobs:kangaroo_meat":4,"minecraft:cobblestone":9,"minecraft:ender_pearl":1},"minecraft:crafted":{"minecraft:cooked_beef":3,"alexsmobs:cooked_kangaroo_meat":1}},"DataVersion":3465}